Name,Bio,Link
Eduard,Site Developer,https://d3ward.github.io
Tom Konidas,Plexus Contributor,https://tomkonidas.com/
mydarkstar,Matrix/Telegram Mod,https://mydarkstar.net/
Tommo,Discord/Matrix Mod,https://tomdotcom4.github.io/epicsite/
isolatedvirus,Discord Mod,X
Valynor,Matrix Mod,X
FantasyCookie17,Matrix Mod,https://fantasycookie17.onederfultech.com/
Private Number,Matrix Mod,X
Koolpepsi,Matrix Mod,X
Nova,Telegram Mod,X
AlkaSeltzer,Telegram Mod,X
jameskitt616,Discord Mod,X
AnotherUnnecessary,Discord Mod,X